<?xml version="1.0" encoding="UTF-8" standalone="yes"?>
<office:document-styles xmlns:anim="urn:oasis:names:tc:opendocument:xmlns:animation:1.0" xmlns:chart="urn:oasis:names:tc:opendocument:xmlns:chart:1.0" xmlns:config="urn:oasis:names:tc:opendocument:xmlns:config:1.0" xmlns:dc="http://purl.org/dc/elements/1.1/" xmlns:dr3d="urn:oasis:names:tc:opendocument:xmlns:dr3d:1.0" xmlns:draw="urn:oasis:names:tc:opendocument:xmlns:drawing:1.0" xmlns:fo="urn:oasis:names:tc:opendocument:xmlns:xsl-fo-compatible:1.0" xmlns:form="urn:oasis:names:tc:opendocument:xmlns:form:1.0" xmlns:math="http://www.w3.org/1998/Math/MathML" xmlns:meta="urn:oasis:names:tc:opendocument:xmlns:meta:1.0" xmlns:number="urn:oasis:names:tc:opendocument:xmlns:datastyle:1.0" xmlns:office="urn:oasis:names:tc:opendocument:xmlns:office:1.0" xmlns:presentation="urn:oasis:names:tc:opendocument:xmlns:presentation:1.0" xmlns:script="urn:oasis:names:tc:opendocument:xmlns:script:1.0" xmlns:smil="urn:oasis:names:tc:opendocument:xmlns:smil-compatible:1.0" xmlns:style="urn:oasis:names:tc:opendocument:xmlns:style:1.0" xmlns:svg="urn:oasis:names:tc:opendocument:xmlns:svg-compatible:1.0" xmlns:table="urn:oasis:names:tc:opendocument:xmlns:table:1.0" xmlns:text="urn:oasis:names:tc:opendocument:xmlns:text:1.0" xmlns:xforms="http://www.w3.org/2002/xforms" xmlns:xlink="http://www.w3.org/1999/xlink">
	<office:font-face-decls>
		<style:font-face style:name="Calibri" svg:font-family="Calibri" style:font-family-generic="swiss" style:font-pitch="variable" svg:panose-1="2 15 5 2 2 2 4 3 2 4"/>
		<style:font-face style:name="Times New Roman" svg:font-family="Times New Roman" style:font-family-generic="roman" style:font-pitch="variable" svg:panose-1="2 2 6 3 5 4 5 2 3 4"/>
		<style:font-face style:name="Arial" svg:font-family="Arial" style:font-family-generic="swiss" style:font-pitch="variable" svg:panose-1="2 11 6 4 2 2 2 2 2 4"/>
		<style:font-face style:name="Cambria" svg:font-family="Cambria" style:font-family-generic="roman" style:font-pitch="variable" svg:panose-1="2 4 5 3 5 4 6 3 2 4"/>
		<style:font-face style:name="Courier New" svg:font-family="Courier New" style:font-family-generic="modern" style:font-pitch="fixed" svg:panose-1="2 7 3 9 2 2 5 2 4 4"/>
	</office:font-face-decls>
	<office:styles>
		<style:style style:name="Normal" style:display-name="Normal" style:family="paragraph">
			<style:paragraph-properties fo:widows="0" fo:orphans="0" style:text-autospace="none" fo:text-align="justify" fo:margin-top="0.0138in" fo:margin-bottom="0.0069in" fo:line-height="100%"/>
			<style:text-properties style:font-name="Arial" style:font-name-complex="Arial" fo:color="#000000" fo:font-size="11pt" style:font-size-asian="11pt" style:font-size-complex="11pt" fo:hyphenate="false"/>
		</style:style>
		<style:style style:name="NormalCentered" style:parent-style-name="Normal" style:family="paragraph">
			<style:paragraph-properties fo:text-align="center"/>
		</style:style>
		<style:style style:name="NormalKeepTogether" style:parent-style-name="Normal" style:family="paragraph">
			<style:paragraph-properties fo:keep-with-next="always" fo:keep-together="always"/>
		</style:style>
		<style:style style:name="NormalCenteredKeepTogether" style:parent-style-name="NormalCentered" style:family="paragraph">
			<style:paragraph-properties fo:keep-with-next="always" fo:keep-together="always"/>
		</style:style>
		<style:style style:name="NormalUnderlinedKeepTogether" style:parent-style-name="NormalKeepTogether" style:family="paragraph">
			<style:text-properties style:text-underline-type="single" style:text-underline-style="solid" style:text-underline-width="auto" style:text-underline-mode="continuous"/>
		</style:style>

		<style:default-style style:family="table">
			<style:table-properties fo:margin-left="0in" table:border-model="collapsing" style:writing-mode="lr-tb" table:align="left"/>
		</style:default-style>
		<style:default-style style:family="table-column">
			<style:table-column-properties style:use-optimal-column-width="true"/>
		</style:default-style>
		<style:default-style style:family="table-row">
			<style:table-row-properties style:min-row-height="0in" style:use-optimal-row-height="true" fo:keep-together="auto"/>
		</style:default-style>
		<style:default-style style:family="table-cell">
			<style:table-cell-properties fo:background-color="transparent" style:glyph-orientation-vertical="auto" style:vertical-align="top" fo:wrap-option="wrap"/>
		</style:default-style>

		<style:style style:name="TableAttribute" style:family="table">
			<style:table-properties style:width="5.7194in" fo:margin-left="0.4687in" table:align="left"/>
		</style:style>
		<style:style style:name="TableColumnAttribute" style:family="table-column">
			<style:table-column-properties style:column-width="2.8597in"/>
		</style:style>
		<style:style style:name="TableRowAttribute" style:family="table-row">
			<style:table-row-properties/>
		</style:style>
		<style:style style:name="TableCellAttribute" style:family="table-cell">
			<style:table-cell-properties fo:border="0.0069in solid #000000" style:vertical-align="middle" fo:padding-top="0in" fo:padding-left="0.075in" fo:padding-bottom="0in" fo:padding-right="0.075in"/>
		</style:style>

		<style:style style:name="TableColumnChart" style:family="table-column">
			<style:table-column-properties style:column-width="1.9722in"/>
		</style:style>
		<style:style style:name="TableColumnLegend" style:family="table-column">
			<style:table-column-properties style:column-width="3.7472in"/>
		</style:style>
		<style:style style:name="TableCellChart" style:family="table-cell">
			<style:table-cell-properties fo:border="none" style:vertical-align="middle" fo:padding-top="0in" fo:padding-left="0.075in" fo:padding-bottom="0in" fo:padding-right="0.075in"/>
		</style:style>
		<style:style style:name="TableCellChartLegend" style:family="table-cell">
			<style:table-cell-properties fo:border="none" style:vertical-align="middle" fo:padding-top="0in" fo:padding-left="0.075in" fo:padding-bottom="0in" fo:padding-right="0.075in"/>
		</style:style>

		<style:style style:family="graphic" style:name="GraphGroup">
			<style:graphic-properties style:wrap="run-through" style:run-through="foreground" style:horizontal-rel="char" style:vertical-rel="line" style:horizontal-pos="from-left" style:vertical-pos="from-top"/>
		</style:style>

		<style:style style:name="TableLegend" style:family="table">
			<style:table-properties style:width="3.5902in" fo:margin-left="0in" table:align="left"/>
		</style:style>

		<style:style style:name="TableColumnLegendName1" style:family="table-column">
			<style:table-column-properties style:column-width="2.184in"/>
		</style:style>
		<style:style style:name="TableColumnLegendValue1" style:family="table-column">
			<style:table-column-properties style:column-width="0.5847in"/>
		</style:style>
		<style:style style:name="TableColumnLegendUnit1" style:family="table-column">
			<style:table-column-properties style:column-width="0.8215in"/>
		</style:style>
		<style:style style:name="TableColumnLegendValue2" style:family="table-column">
			<style:table-column-properties style:column-width="1.775in"/>
		</style:style>
		<style:style style:name="TableColumnLegendUnit2" style:family="table-column">
			<style:table-column-properties style:column-width="1.8152in"/>
		</style:style>
		<style:style style:name="TableColumnLegendName3" style:family="table-column">
			<style:table-column-properties style:column-width="2.5187in"/>
		</style:style>
		<style:style style:name="TableColumnLegendValue3" style:family="table-column">
			<style:table-column-properties style:column-width="1.0715in"/>
		</style:style>

		<style:style style:name="TableLegendValueText" style:parent-style-name="Normal" style:family="paragraph">
			<style:paragraph-properties fo:text-align="center"/>
			<style:text-properties fo:font-weight="bold" style:font-weight-asian="bold" fo:color="#FFFFFF"/>
		</style:style>

		<style:default-style style:family="paragraph">
			<style:paragraph-properties fo:keep-with-next="auto" fo:keep-together="auto" fo:widows="2" fo:orphans="2" fo:break-before="auto" text:number-lines="true" fo:border="none" fo:padding="0in" style:shadow="none" style:line-break="strict" style:punctuation-wrap="hanging" style:text-autospace="ideograph-alpha" style:snap-to-layout-grid="true" fo:text-align="start" style:writing-mode="lr-tb" style:vertical-align="baseline" fo:margin-bottom="0.1388in" fo:line-height="115%" fo:background-color="transparent" style:tab-stop-distance="0.5in"/>
			<style:text-properties style:font-name="Calibri" style:font-name-asian="Times New Roman" style:font-name-complex="Times New Roman" fo:font-weight="normal" style:font-weight-asian="normal" style:font-weight-complex="normal" fo:font-style="normal" style:font-style-asian="normal" style:font-style-complex="normal" fo:text-transform="none" fo:font-variant="normal" style:text-line-through-type="none" style:text-outline="false" style:font-relief="none" style:use-window-font-color="true" fo:letter-spacing="normal" style:text-scale="100%" style:letter-kerning="false" style:text-position="0% 100%" fo:font-size="11pt" style:font-size-asian="11pt" style:font-size-complex="11pt" fo:background-color="transparent" style:text-underline-type="none" style:text-underline-color="font-color" style:text-emphasize="none" fo:language="fr" fo:country="FR" style:language-asian="fr" style:country-asian="FR" style:language-complex="ar" style:country-complex="SA" style:text-combine="none" fo:hyphenate="true"/>
		</style:default-style>
		<style:style style:name="Titre0" style:display-name="Titre 0" style:family="paragraph" style:parent-style-name="NormalCentered" style:next-style-name="Normal" style:default-outline-level="0">
			<style:paragraph-properties fo:border-top="none" fo:border-left="none" fo:border-bottom="0.0138in solid #4F81BD" fo:border-right="none" fo:padding-top="0in" fo:padding-left="0in" fo:padding-bottom="0.0555in" fo:padding-right="0in" style:shadow="none" fo:margin-bottom="0.2083in" fo:line-height="100%"/>
			<style:text-properties style:font-name="Cambria" style:font-name-asian="Times New Roman" style:font-name-complex="Times New Roman" fo:color="#17365D" fo:letter-spacing="0.0034in" style:letter-kerning="true" fo:font-size="26pt" style:font-size-asian="26pt" style:font-size-complex="26pt" fo:hyphenate="false" fo:text-align="center"/>
		</style:style>
		<style:style style:name="Titre1" style:display-name="Titre 1" style:family="paragraph" style:parent-style-name="Normal" style:next-style-name="Normal" style:default-outline-level="1">
			<style:paragraph-properties fo:keep-with-next="always" fo:keep-together="always" fo:margin-top="0in"/>
			<style:text-properties fo:font-weight="bold" style:font-weight-asian="bold" style:font-weight-complex="bold" fo:font-size="16pt" style:font-size-asian="16pt" style:font-size-complex="16pt" style:text-underline-type="single" style:text-underline-style="solid" style:text-underline-width="auto" style:text-underline-mode="continuous" fo:hyphenate="false"/>
		</style:style>
		<style:style style:name="Titre2" style:display-name="Titre 2" style:family="paragraph" style:parent-style-name="Normal" style:next-style-name="Normal" style:default-outline-level="2">
			<style:paragraph-properties fo:keep-with-next="always" fo:keep-together="always" fo:margin-top="0in"/>
			<style:text-properties fo:font-weight="bold" style:font-weight-asian="bold" style:font-weight-complex="bold" fo:font-size="14pt" style:font-size-asian="14pt" style:font-size-complex="14pt" style:text-underline-type="single" style:text-underline-style="solid" style:text-underline-width="auto" style:text-underline-mode="continuous" fo:hyphenate="false"/>
		</style:style>
		<style:style style:name="Titre3" style:display-name="Titre 3" style:family="paragraph" style:parent-style-name="Normal" style:next-style-name="Normal" style:default-outline-level="3">
			<style:paragraph-properties fo:keep-with-next="always" fo:keep-together="always" fo:margin-top="0in"/>
			<style:text-properties fo:font-weight="bold" style:font-weight-asian="bold" style:font-weight-complex="bold" fo:font-size="12pt" style:font-size-asian="12pt" style:font-size-complex="12pt" style:text-underline-type="single" style:text-underline-style="solid" style:text-underline-width="auto" style:text-underline-mode="continuous" fo:hyphenate="false"/>
		</style:style>
		<style:style style:name="Titre4" style:display-name="Titre 4" style:family="paragraph" style:parent-style-name="Normal" style:next-style-name="Normal" style:default-outline-level="4">
			<style:paragraph-properties fo:keep-with-next="always" fo:keep-together="always" fo:margin-top="0in"/>
			<style:text-properties fo:font-weight="bold" style:font-weight-asian="bold" style:font-weight-complex="bold" fo:font-size="11pt" style:font-size-asian="11pt" style:font-size-complex="11pt" style:text-underline-type="single" style:text-underline-style="solid" style:text-underline-width="auto" style:text-underline-mode="continuous" fo:hyphenate="false"/>
		</style:style>
		<style:style style:name="Titre5" style:display-name="Titre 5" style:family="paragraph" style:parent-style-name="Normal" style:next-style-name="Normal" style:default-outline-level="5">
			<style:paragraph-properties fo:keep-with-next="always" fo:keep-together="always" fo:margin-top="0in"/>
			<style:text-properties fo:font-weight="bold" style:font-weight-asian="bold" style:font-weight-complex="bold" style:text-underline-type="single" style:text-underline-style="solid" style:text-underline-width="auto" style:text-underline-mode="continuous" fo:hyphenate="false"/>
		</style:style>
		<style:style style:name="Titre6" style:display-name="Titre 6" style:family="paragraph" style:parent-style-name="Normal" style:next-style-name="Normal" style:default-outline-level="6">
			<style:paragraph-properties fo:keep-with-next="always" fo:keep-together="always" fo:margin-top="0in"/>
			<style:text-properties fo:font-style="italic" style:font-style-asian="italic" style:font-style-complex="italic" style:text-underline-type="single" style:text-underline-style="solid" style:text-underline-width="auto" style:text-underline-mode="continuous" fo:hyphenate="false"/>
		</style:style>
		<style:style style:name="Titre7" style:display-name="Titre 7" style:family="paragraph" style:parent-style-name="Normal" style:next-style-name="Normal" style:default-outline-level="7">
			<style:paragraph-properties fo:keep-with-next="always" fo:keep-together="always" fo:margin-top="0in"/>
			<style:text-properties style:text-underline-type="single" style:text-underline-style="solid" style:text-underline-width="auto" style:text-underline-mode="continuous" fo:hyphenate="false"/>
		</style:style>
		<style:style style:name="Titre8" style:display-name="Titre 8" style:family="paragraph" style:parent-style-name="Normal" style:next-style-name="Normal" style:default-outline-level="8">
			<style:paragraph-properties fo:keep-with-next="always" fo:keep-together="always" fo:margin-top="0in"/>
			<style:text-properties style:text-underline-type="single" style:text-underline-style="solid" style:text-underline-width="auto" style:text-underline-mode="continuous" fo:hyphenate="false"/>
		</style:style>
		<style:style style:name="Titre9" style:display-name="Titre 9" style:family="paragraph" style:parent-style-name="Normal" style:next-style-name="Normal" style:default-outline-level="9">
			<style:paragraph-properties fo:keep-with-next="always" fo:keep-together="always" fo:margin-top="0in"/>
			<style:text-properties style:text-underline-type="single" style:text-underline-style="solid" style:text-underline-width="auto" style:text-underline-mode="continuous" fo:hyphenate="false"/>
		</style:style>
		<style:style style:name="Policepardéfaut" style:display-name="Police par défaut" style:family="text"/>
		<style:style style:name="Titre0Car" style:display-name="Titre 0 Car" style:family="text" style:parent-style-name="Policepardéfaut">
			<style:text-properties style:font-name="Cambria" style:font-name-asian="Times New Roman" style:font-name-complex="Times New Roman" fo:font-weight="bold" style:font-weight-asian="bold" style:font-weight-complex="bold" fo:color="#000000" style:letter-kerning="true" fo:font-size="26pt" style:font-size-asian="26pt" style:font-size-complex="26pt" fo:text-align="center"/>
		</style:style>
		<style:style style:name="Titre1Car" style:display-name="Titre 1 Car" style:family="text" style:parent-style-name="Policepardéfaut">
			<style:text-properties style:font-name="Cambria" style:font-name-asian="Times New Roman" style:font-name-complex="Times New Roman" fo:font-weight="bold" style:font-weight-asian="bold" style:font-weight-complex="bold" fo:color="#000000" style:letter-kerning="true" fo:font-size="16pt" style:font-size-asian="16pt" style:font-size-complex="16pt"/>
		</style:style>
		<style:style style:name="Titre2Car" style:display-name="Titre 2 Car" style:family="text" style:parent-style-name="Policepardéfaut">
			<style:text-properties style:font-name="Cambria" style:font-name-asian="Times New Roman" style:font-name-complex="Times New Roman" fo:font-weight="bold" style:font-weight-asian="bold" style:font-weight-complex="bold" fo:font-style="italic" style:font-style-asian="italic" style:font-style-complex="italic" fo:color="#000000" fo:font-size="14pt" style:font-size-asian="14pt" style:font-size-complex="14pt"/>
		</style:style>
		<style:style style:name="Titre3Car" style:display-name="Titre 3 Car" style:family="text" style:parent-style-name="Policepardéfaut">
			<style:text-properties style:font-name="Cambria" style:font-name-asian="Times New Roman" style:font-name-complex="Times New Roman" fo:font-weight="bold" style:font-weight-asian="bold" style:font-weight-complex="bold" fo:color="#000000" fo:font-size="13pt" style:font-size-asian="13pt" style:font-size-complex="13pt"/>
		</style:style>
		<style:style style:name="Titre4Car" style:display-name="Titre 4 Car" style:family="text" style:parent-style-name="Policepardéfaut">
			<style:text-properties fo:font-weight="bold" style:font-weight-asian="bold" style:font-weight-complex="bold" fo:color="#000000" fo:font-size="14pt" style:font-size-asian="14pt" style:font-size-complex="14pt"/>
		</style:style>
		<style:style style:name="Titre5Car" style:display-name="Titre 5 Car" style:family="text" style:parent-style-name="Policepardéfaut">
			<style:text-properties fo:font-weight="bold" style:font-weight-asian="bold" style:font-weight-complex="bold" fo:font-style="italic" style:font-style-asian="italic" style:font-style-complex="italic" fo:color="#000000" fo:font-size="13pt" style:font-size-asian="13pt" style:font-size-complex="13pt"/>
		</style:style>
		<style:style style:name="Titre6Car" style:display-name="Titre 6 Car" style:family="text" style:parent-style-name="Policepardéfaut">
			<style:text-properties fo:font-weight="bold" style:font-weight-asian="bold" style:font-weight-complex="bold" fo:color="#000000"/>
		</style:style>
		<style:style style:name="Titre7Car" style:display-name="Titre 7 Car" style:family="text" style:parent-style-name="Policepardéfaut">
			<style:text-properties fo:color="#000000" fo:font-size="12pt" style:font-size-asian="12pt" style:font-size-complex="12pt"/>
		</style:style>
		<style:style style:name="Titre8Car" style:display-name="Titre 8 Car" style:family="text" style:parent-style-name="Policepardéfaut">
			<style:text-properties fo:font-style="italic" style:font-style-asian="italic" style:font-style-complex="italic" fo:color="#000000" fo:font-size="12pt" style:font-size-asian="12pt" style:font-size-complex="12pt"/>
		</style:style>
		<style:style style:name="Titre9Car" style:display-name="Titre 9 Car" style:family="text" style:parent-style-name="Policepardéfaut">
			<style:text-properties style:font-name="Cambria" style:font-name-asian="Times New Roman" style:font-name-complex="Times New Roman" fo:color="#000000"/>
		</style:style>
		<style:style style:name="heading10" style:display-name="heading 10" style:family="paragraph" style:next-style-name="Normal">
			<style:paragraph-properties fo:keep-with-next="always" fo:widows="0" fo:orphans="0" style:text-autospace="none" fo:text-align="justify" fo:margin-bottom="0in" fo:line-height="100%"/>
			<style:text-properties style:font-name="Arial" style:font-name-complex="Arial" fo:color="#000000" fo:font-size="10pt" style:font-size-asian="10pt" style:font-size-complex="10pt" style:text-underline-type="single" style:text-underline-style="solid" style:text-underline-width="auto" style:text-underline-mode="continuous" fo:hyphenate="false"/>
		</style:style>
		<style:style style:name="heading11" style:display-name="heading 11" style:family="paragraph" style:next-style-name="Normal">
			<style:paragraph-properties fo:keep-with-next="always" fo:widows="0" fo:orphans="0" style:text-autospace="none" fo:text-align="justify" fo:margin-bottom="0in" fo:line-height="100%"/>
			<style:text-properties style:font-name="Arial" style:font-name-complex="Arial" fo:color="#000000" fo:font-size="10pt" style:font-size-asian="10pt" style:font-size-complex="10pt" style:text-underline-type="single" style:text-underline-style="solid" style:text-underline-width="auto" style:text-underline-mode="continuous" fo:hyphenate="false"/>
		</style:style>
		<style:style style:name="heading12" style:display-name="heading 12" style:family="paragraph" style:next-style-name="Normal">
			<style:paragraph-properties fo:keep-with-next="always" fo:widows="0" fo:orphans="0" style:text-autospace="none" fo:text-align="justify" fo:margin-bottom="0in" fo:line-height="100%"/>
			<style:text-properties style:font-name="Arial" style:font-name-complex="Arial" fo:color="#000000" fo:font-size="10pt" style:font-size-asian="10pt" style:font-size-complex="10pt" style:text-underline-type="single" style:text-underline-style="solid" style:text-underline-width="auto" style:text-underline-mode="continuous" fo:hyphenate="false"/>
		</style:style>
		<style:style style:name="heading13" style:display-name="heading 13" style:family="paragraph" style:next-style-name="Normal">
			<style:paragraph-properties fo:keep-with-next="always" fo:widows="0" fo:orphans="0" style:text-autospace="none" fo:text-align="justify" fo:margin-bottom="0in" fo:line-height="100%"/>
			<style:text-properties style:font-name="Arial" style:font-name-complex="Arial" fo:color="#000000" fo:font-size="10pt" style:font-size-asian="10pt" style:font-size-complex="10pt" style:text-underline-type="single" style:text-underline-style="solid" style:text-underline-width="auto" style:text-underline-mode="continuous" fo:hyphenate="false"/>
		</style:style>
		<style:style style:name="heading14" style:display-name="heading 14" style:family="paragraph" style:next-style-name="Normal">
			<style:paragraph-properties fo:keep-with-next="always" fo:widows="0" fo:orphans="0" style:text-autospace="none" fo:text-align="justify" fo:margin-bottom="0in" fo:line-height="100%"/>
			<style:text-properties style:font-name="Arial" style:font-name-complex="Arial" fo:color="#000000" fo:font-size="10pt" style:font-size-asian="10pt" style:font-size-complex="10pt" style:text-underline-type="single" style:text-underline-style="solid" style:text-underline-width="auto" style:text-underline-mode="continuous" fo:hyphenate="false"/>
		</style:style>
		<style:style style:name="heading15" style:display-name="heading 15" style:family="paragraph" style:next-style-name="Normal">
			<style:paragraph-properties fo:keep-with-next="always" fo:widows="0" fo:orphans="0" style:text-autospace="none" fo:text-align="justify" fo:margin-bottom="0in" fo:line-height="100%"/>
			<style:text-properties style:font-name="Arial" style:font-name-complex="Arial" fo:color="#000000" fo:font-size="10pt" style:font-size-asian="10pt" style:font-size-complex="10pt" style:text-underline-type="single" style:text-underline-style="solid" style:text-underline-width="auto" style:text-underline-mode="continuous" fo:hyphenate="false"/>
		</style:style>
		<style:style style:name="En-tête" style:display-name="En-tête" style:family="paragraph" style:parent-style-name="Normal">
			<style:paragraph-properties fo:margin-top="0in" fo:margin-bottom="0in">
				<style:tab-stops>
					<style:tab-stop style:type="center" style:position="3.15in"/>
					<style:tab-stop style:type="right" style:position="6.3in"/>
				</style:tab-stops>
			</style:paragraph-properties>
			<style:text-properties fo:hyphenate="false"/>
		</style:style>
		<style:style style:name="En-têteCar" style:display-name="En-tête Car" style:family="text" style:parent-style-name="Policepardéfaut">
			<style:text-properties style:font-name="Arial" style:font-name-complex="Arial" fo:color="#000000"/>
		</style:style>
		<style:style style:name="Pieddepage" style:display-name="Pied de page" style:family="paragraph" style:parent-style-name="Normal">
			<style:paragraph-properties fo:margin-top="0in" fo:margin-bottom="0in">
				<style:tab-stops>
					<style:tab-stop style:type="center" style:position="3.15in"/>
					<style:tab-stop style:type="right" style:position="6.3in"/>
				</style:tab-stops>
			</style:paragraph-properties>
			<style:text-properties fo:hyphenate="false"/>
		</style:style>
		<style:style style:name="PieddepageCar" style:display-name="Pied de page Car" style:family="text" style:parent-style-name="Policepardéfaut">
			<style:text-properties style:font-name="Arial" style:font-name-complex="Arial" fo:color="#000000"/>
		</style:style>
		<style:style style:name="Lienhypertexte" style:display-name="Lien hypertexte" style:family="text" style:parent-style-name="Policepardéfaut">
			<style:text-properties fo:color="#0000FF" style:text-underline-type="single" style:text-underline-style="solid" style:text-underline-width="auto" style:text-underline-mode="continuous" style:text-underline-color="font-color"/>
		</style:style>
		<text:notes-configuration text:note-class="footnote" text:start-value="0" style:num-format="1" text:start-numbering-at="document" text:footnotes-position="page"/>
		<text:notes-configuration text:note-class="endnote" text:start-value="0" style:num-format="i" text:start-numbering-at="document" text:footnotes-position="document"/>
		<text:outline-style>
			<text:outline-level-style text:level="0" style:num-format="1" text:display-levels="0">
				<style:list-level-properties/>
			</text:outline-level-style>
			<text:outline-level-style text:level="1" style:num-format="1" text:display-levels="1">
				<style:list-level-properties/>
			</text:outline-level-style>
			<text:outline-level-style text:level="2" style:num-format="1" text:display-levels="2">
				<style:list-level-properties/>
			</text:outline-level-style>
			<text:outline-level-style text:level="3" style:num-format="1" text:display-levels="3">
				<style:list-level-properties/>
			</text:outline-level-style>
			<text:outline-level-style text:level="4" style:num-format="1" text:display-levels="4">
				<style:list-level-properties/>
			</text:outline-level-style>
			<text:outline-level-style text:level="5" style:num-format="1" text:display-levels="5">
				<style:list-level-properties/>
			</text:outline-level-style>
			<text:outline-level-style text:level="6" style:num-format="1" text:display-levels="6">
				<style:list-level-properties/>
			</text:outline-level-style>
			<text:outline-level-style text:level="7" style:num-format="1" text:display-levels="7">
				<style:list-level-properties/>
			</text:outline-level-style>
			<text:outline-level-style text:level="8" style:num-format="1" text:display-levels="8">
				<style:list-level-properties/>
			</text:outline-level-style>
			<text:outline-level-style text:level="9" style:num-format="1" text:display-levels="9">
				<style:list-level-properties/>
			</text:outline-level-style>
		</text:outline-style>
		<style:default-style style:family="graphic">
			<style:graphic-properties draw:fill="solid" draw:fill-color="#4f81bd" draw:opacity="100%" draw:stroke="solid" svg:stroke-width="0.02778in" svg:stroke-color="#385d8a" svg:stroke-opacity="100%"/>
		</style:default-style>
	</office:styles>
	<office:automatic-styles>
		<style:page-layout style:name="PL0">
			<style:page-layout-properties fo:page-width="8.268in" fo:page-height="11.693in" style:print-orientation="portrait" fo:margin-top="0.4916in" fo:margin-left="0.984in" fo:margin-bottom="0.4916in" fo:margin-right="0.984in" style:num-format="1" style:writing-mode="lr-tb">
				<style:footnote-sep style:width="0.007in" style:rel-width="33%" style:color="#000000" style:line-style="solid" style:adjustment="left"/>
			</style:page-layout-properties>
			<style:header-style>
				<style:header-footer-properties style:dynamic-spacing="true" fo:min-height="0.4923in"/>
			</style:header-style>
			<style:footer-style>
				<style:header-footer-properties style:dynamic-spacing="true" fo:min-height="0.4923in"/>
			</style:footer-style>
		</style:page-layout>
		<style:style style:name="P2" style:parent-style-name="Pieddepage" style:family="paragraph">
			<style:paragraph-properties>
				<style:tab-stops>
					<style:tab-stop style:type="right" style:position="6.3in"/>
				</style:tab-stops>
			</style:paragraph-properties>
		</style:style>
		<style:style style:name="T3" style:parent-style-name="Policepardéfaut" style:family="text">
			<style:text-properties fo:color="#808080" fo:font-size="8pt" style:font-size-asian="8pt" style:font-size-complex="8pt" fo:language="en" fo:country="US"/>
		</style:style>
		<style:style style:name="T4" style:parent-style-name="Lienhypertexte" style:family="text">
			<style:text-properties style:font-name="Courier New" style:font-name-complex="Courier New" fo:color="#808080" fo:font-size="8pt" style:font-size-asian="8pt" style:font-size-complex="8pt" fo:language="en" fo:country="US"/>
		</style:style>
		<style:style style:name="T5" style:parent-style-name="Policepardéfaut" style:family="text">
			<style:text-properties fo:font-size="8pt" style:font-size-asian="8pt" style:font-size-complex="8pt" fo:language="en" fo:country="US"/>
		</style:style>
		<style:style style:name="T6" style:parent-style-name="Policepardéfaut" style:family="text">
			<style:text-properties fo:font-size="8pt" style:font-size-asian="8pt" style:font-size-complex="8pt" fo:language="en" fo:country="US"/>
		</style:style>
	</office:automatic-styles>
	<office:master-styles>
		<style:master-page style:name="MP0" style:page-layout-name="PL0">
			<style:footer>
				<text:p text:style-name="P2">
					<text:span text:style-name="T3">Generated by<text:s/>
					</text:span>
					<text:a xlink:href="http://www.freedatamap.com" office:target-frame-name="_top" xlink:show="replace">
						<text:span text:style-name="T4">www.freedatamap.com</text:span>
					</text:a>
					<text:span text:style-name="T5">
						<text:tab/>Page<text:s/>
					</text:span>
					<text:span text:style-name="T6">
						<text:page-number text:fixed="false">1</text:page-number>
					</text:span>
				</text:p>
			</style:footer>
		</style:master-page>
	</office:master-styles>
</office:document-styles>