{ "config" : {"root":null,"styles":[{"name":"root","level":0,"arrow":true,"arc":false,"rNod":10,"link":90,"color":"#1f77b4","attrPaneCol":"#aec7e8"},{"name":"level 1","level":1,"arrow":true,"arc":false,"rNod":10,"link":90,"color":"#1f77b4","attrPaneCol":"#aec7e8"},{"name":"level 2","level":2,"arrow":true,"arc":false,"rNod":9,"link":90,"color":"#ff7f0e","attrPaneCol":"#ffbb78"},{"name":"level 3","level":3,"arrow":true,"arc":false,"rNod":9,"link":90,"color":"#2ca02c","attrPaneCol":"#98df8a"},{"name":"level 4","level":4,"arrow":true,"arc":false,"rNod":9,"link":90,"color":"#d62728","attrPaneCol":"#ff9896"},{"name":"level 5","level":5,"arrow":true,"arc":false,"rNod":8,"link":90,"color":"#9467bd","attrPaneCol":"#c5b0d5"},{"name":"level 6","level":6,"arrow":true,"arc":false,"rNod":8,"link":90,"color":"#e377c2","attrPaneCol":"#f7b6d2"},{"name":"level 7","level":7,"arrow":true,"arc":false,"rNod":7,"link":90,"color":"#bcbd22","attrPaneCol":"#dbdb8d"},{"name":"level 8","level":8,"arrow":true,"arc":false,"rNod":7,"link":90,"color":"#17becf","attrPaneCol":"#9edae5"},{"name":"level 9","level":9,"arrow":true,"arc":false,"rNod":6,"link":90,"color":"#6b6ecf","attrPaneCol":"#9c9ede"},{"name":"level 10","level":10,"arrow":true,"arc":false,"rNod":6,"link":90,"color":"#1f77b4","attrPaneCol":"#aec7e8"},{"name":"level 11","level":11,"arrow":true,"arc":false,"rNod":5,"link":90,"color":"#ff7f0e","attrPaneCol":"#ffbb78"},{"name":"level 12","level":12,"arrow":true,"arc":false,"rNod":5,"link":90,"color":"#2ca02c","attrPaneCol":"#98df8a"},{"name":"level 13","level":13,"arrow":true,"arc":false,"rNod":5,"link":90,"color":"#d62728","attrPaneCol":"#ff9896"},{"name":"level 14","level":14,"arrow":true,"arc":false,"rNod":5,"link":90,"color":"#9467bd","attrPaneCol":"#c5b0d5"},{"name":"level 15","level":15,"arrow":true,"arc":false,"rNod":4,"link":90,"color":"#e377c2","attrPaneCol":"#f7b6d2"},{"name":"level 16","level":16,"arrow":true,"arc":false,"rNod":4,"link":90,"color":"#bcbd22","attrPaneCol":"#dbdb8d"},{"name":"level 17","level":17,"arrow":true,"arc":false,"rNod":4,"link":90,"color":"#17becf","attrPaneCol":"#9edae5"},{"name":"level 18","level":18,"arrow":true,"arc":false,"rNod":4,"link":90,"color":"#6b6ecf","attrPaneCol":"#9c9ede"},{"name":"leaf","level":19,"arrow":false,"arc":true,"rNod":3,"link":45,"color":"#c7c7c7","attrPaneCol":"#c7c7c7","txtCol":"#7f7f7f"}],"center":null,"depth":2,"setColumns2node":[null,null,null,null,null,null,null,null,null,null,null,null,null,null,null,null,null,null,null,null,null],"aggregate":null,"displayProps":[{"name":"root","children":[]},{"name":"level 0","children":[],"edit":true,"visible":true},{"name":"level 1","children":[],"edit":true,"visible":true},{"name":"level 2","children":[],"edit":true,"visible":true},{"name":"level 3","children":[],"edit":true,"visible":true},{"name":"level 4","children":[],"edit":true,"visible":true},{"name":"level 5","children":[],"edit":true,"visible":true},{"name":"level 6","children":[],"edit":true,"visible":true},{"name":"level 7","children":[],"edit":true,"visible":true},{"name":"level 8","children":[],"edit":true,"visible":true},{"name":"level 9","children":[],"edit":true,"visible":true},{"name":"level 10","children":[],"edit":true,"visible":true},{"name":"level 11","children":[],"edit":true,"visible":true},{"name":"level 12","children":[],"edit":true,"visible":true},{"name":"level 13","children":[],"edit":true,"visible":true},{"name":"level 14","children":[],"edit":true,"visible":true},{"name":"level 15","children":[],"edit":true,"visible":true},{"name":"level 16","children":[],"edit":true,"visible":true},{"name":"level 17","children":[],"edit":true,"visible":true},{"name":"leaf","children":[]}]} }