<?xml version="1.0" encoding="UTF-8" standalone="yes"?>
<office:document-meta xmlns:office="urn:oasis:names:tc:opendocument:xmlns:office:1.0" xmlns:meta="urn:oasis:names:tc:opendocument:xmlns:meta:1.0" xmlns:dc="http://purl.org/dc/elements/1.1/" xmlns:xlink="http://www.w3.org/1999/xlink" office:version="1.1"><office:meta><meta:generator>MicrosoftOffice/14.0 MicrosoftWord</meta:generator><dc:creator>patrick.duverger@ville-antibes.fr</dc:creator><meta:creation-date>2012-12-27T10:26:00Z</meta:creation-date><dc:date>2012-12-28T08:10:00Z</dc:date><meta:template xlink:href="Normal.dotm" xlink:type="simple"/><meta:editing-cycles>8</meta:editing-cycles><meta:editing-duration>PT4200S</meta:editing-duration><meta:document-statistic meta:page-count="3" meta:paragraph-count="1" meta:word-count="99" meta:character-count="643" meta:row-count="4" meta:non-whitespace-character-count="545"/></office:meta></office:document-meta>